,mean_fit_time,std_fit_time,mean_score_time,std_score_time,param_gamma,param_learning_rate,param_max_depth,param_n_estimators,params,split0_test_r2,split1_test_r2,split2_test_r2,split3_test_r2,split4_test_r2,mean_test_r2,std_test_r2,rank_test_r2,split0_test_neg_root_mean_squared_error,split1_test_neg_root_mean_squared_error,split2_test_neg_root_mean_squared_error,split3_test_neg_root_mean_squared_error,split4_test_neg_root_mean_squared_error,mean_test_neg_root_mean_squared_error,std_test_neg_root_mean_squared_error,rank_test_neg_root_mean_squared_error
59,0.9824853420257569,0.04073002351203721,0.006495952606201172,0.0007799552385525221,0.1,0.1,6,500,"{'gamma': 0.1, 'learning_rate': 0.1, 'max_depth': 6, 'n_estimators': 500}",0.938807136294503,0.913941106835081,0.9380031862652597,0.9288104893581611,0.8944866260057625,0.9228097089517535,0.016754807853376522,1,-4.0219696203734605,-4.77338860347951,-4.262008749073506,-4.341917616226374,-5.657794180454742,-4.611415753921518,0.5767675894363075,1
58,0.416796350479126,0.03425305341643451,0.006010103225708008,0.00063105839793657,0.1,0.1,6,200,"{'gamma': 0.1, 'learning_rate': 0.1, 'max_depth': 6, 'n_estimators': 200}",0.9392035972554682,0.9115381114876328,0.9380730045150584,0.9285378493538943,0.8935570055990607,0.9221819136422228,0.01740883847770774,2,-4.0089195278153404,-4.83957268771159,-4.259608223970736,-4.350223960713903,-5.682663382429043,-4.628197556528123,0.5921503722817565,3
23,1.035581111907959,0.04955316274655112,0.007099151611328125,0.00020069673239160105,0.01,0.1,6,500,"{'gamma': 0.01, 'learning_rate': 0.1, 'max_depth': 6, 'n_estimators': 500}",0.9373650288062758,0.9137833495583938,0.9373367001608339,0.927783930499156,0.8939094842009324,0.9220356986451185,0.01650052353370021,3,-4.069085711676945,-4.777761725018955,-4.28485650475081,-4.373110978492862,-5.6732467072421855,-4.635612325436351,0.5674117674311846,4
56,0.8424849033355712,0.06823613460500351,0.007024335861206055,0.0026155968393752264,0.1,0.1,3,500,"{'gamma': 0.1, 'learning_rate': 0.1, 'max_depth': 3, 'n_estimators': 500}",0.9490653910679994,0.9136091890346311,0.9373589785787132,0.9210963160781205,0.8880154403182152,0.9218290630155359,0.020949750210605533,4,-3.669398549889832,-4.7825849099134645,-4.28409474858631,-4.571115714354294,-5.828710195310795,-4.627180823610939,0.7079578372054528,2
22,0.4068932056427002,0.01487689165148625,0.005801582336425781,0.00040696140986398575,0.01,0.1,6,200,"{'gamma': 0.01, 'learning_rate': 0.1, 'max_depth': 6, 'n_estimators': 200}",0.9377073774069362,0.9105964264467861,0.9372982731879357,0.9273580791798063,0.8935241673841816,0.921296864721129,0.017017111487437685,5,-4.057950123114261,-4.865263349790448,-4.286170103222844,-4.385985936333964,-5.683539880370894,-4.655781878566482,0.5774035884550853,5
20,0.8096019744873046,0.03883416685443238,0.006402397155761718,0.0004959453194673253,0.01,0.1,3,500,"{'gamma': 0.01, 'learning_rate': 0.1, 'max_depth': 3, 'n_estimators': 500}",0.9468068623523714,0.9135246504288653,0.9375840486639987,0.9193531108876059,0.8844688122376845,0.9203474969141052,0.021596373711636634,6,-3.749869906871421,-4.784924361256301,-4.276391415981772,-4.621334289239901,-5.9202903772297635,-4.670562070115833,0.7183825601567545,6
26,1.2151244163513184,0.04289811361653261,0.006391382217407227,0.0008070461168947557,0.01,0.1,9,500,"{'gamma': 0.01, 'learning_rate': 0.1, 'max_depth': 9, 'n_estimators': 500}",0.9350062141462259,0.9260545330802153,0.927365513139701,0.9170847311005722,0.8961993722725972,0.9203420727478623,0.013345248006561406,7,-4.1449978968668475,-4.424708774781209,-4.613187305746932,-4.685876430897752,-5.61168621961931,-4.69609132558241,0.49449851094165764,7
25,0.5174949645996094,0.010921297504694182,0.006706857681274414,0.0004018500444372336,0.01,0.1,9,200,"{'gamma': 0.01, 'learning_rate': 0.1, 'max_depth': 9, 'n_estimators': 200}",0.9350339793103036,0.9259736585795693,0.927383485645292,0.9171109405287098,0.8961501940972261,0.9203304516322202,0.013362895687870871,8,-4.144112436518711,-4.427127775813647,-4.612616532360484,-4.6851357720896925,-5.613015401415125,-4.696401583639532,0.49494634656159514,8
24,0.2607990264892578,0.005489388596051247,0.005999994277954101,2.2061333759164607e-05,0.01,0.1,9,100,"{'gamma': 0.01, 'learning_rate': 0.1, 'max_depth': 9, 'n_estimators': 100}",0.9344310110099082,0.9241444263078759,0.9276949481269048,0.9172307914633968,0.895581711054248,0.9198165775924668,0.013329633955400015,9,-4.163299368473729,-4.481492381238612,-4.602713820673971,-4.681747381454378,-5.6283575059886015,-4.711522091565858,0.4912788967713176,9
61,0.48559203147888186,0.005288615570670612,0.006415605545043945,0.0004941777065029392,0.1,0.1,9,200,"{'gamma': 0.1, 'learning_rate': 0.1, 'max_depth': 9, 'n_estimators': 200}",0.9337237977798458,0.926423291926428,0.9273669633938159,0.9165817018483711,0.894428423376874,0.9197048356650669,0.013776996317360261,10,-4.18569138419977,-4.413662189511533,-4.613141250990039,-4.700069044008202,-5.659354423880164,-4.714383658517941,0.5046530696438825,10
62,1.2282031536102296,0.07332197327540511,0.006198883056640625,0.00039163106367200325,0.1,0.1,9,500,"{'gamma': 0.1, 'learning_rate': 0.1, 'max_depth': 9, 'n_estimators': 500}",0.9337238148343918,0.9264232578834781,0.9273669554388237,0.9165816993435529,0.8944284233270671,0.9197048301654627,0.013776995714925674,11,-4.185690845657517,-4.4136632105823805,-4.613141503612697,-4.700069114573163,-5.659354425215158,-4.714383819928183,0.5046530507561074,11
60,0.25761852264404295,0.004545515962100638,0.006594181060791016,0.0004854879303953937,0.1,0.1,9,100,"{'gamma': 0.1, 'learning_rate': 0.1, 'max_depth': 9, 'n_estimators': 100}",0.9339720361824961,0.9257328948624761,0.9275770062170351,0.9162539616482004,0.8942505006495954,0.9195572799119607,0.013867836287972578,12,-4.1778452487995015,-4.434321339937436,-4.606466197952105,-4.709292988612774,-5.664121350320858,-4.718409425124535,0.5059448803682516,12
21,0.22281208038330078,0.02373778350016975,0.005598211288452148,0.0008046362144913578,0.01,0.1,6,100,"{'gamma': 0.01, 'learning_rate': 0.1, 'max_depth': 6, 'n_estimators': 100}",0.9374868782554846,0.9059430992798176,0.9360935402806158,0.9193292670593978,0.889511493499736,0.9176728556750102,0.01824998803008153,13,-4.065125805438124,-4.99027232113436,-4.3271508104271685,-4.6220174039803705,-5.789645075712817,-4.758842283338568,0.6004057605098582,13
57,0.2619981288909912,0.05826245067619576,0.006194067001342773,0.00039441747459845287,0.1,0.1,6,100,"{'gamma': 0.1, 'learning_rate': 0.1, 'max_depth': 6, 'n_estimators': 100}",0.9363318506332812,0.9063855114429714,0.9354498417119461,0.921289505619043,0.8877883911924083,0.9174490201199299,0.018425494987509637,14,-4.1025086951416325,-4.978522202766193,-4.3488888471866884,-4.565516273931608,-5.834616069459437,-4.766010417697112,0.6068776054321108,14
53,1.3112046718597412,0.029201496700923948,0.007591819763183594,0.0004930811084307558,0.1,0.01,9,500,"{'gamma': 0.1, 'learning_rate': 0.01, 'max_depth': 9, 'n_estimators': 500}",0.9308308610441689,0.9140713567580225,0.9234994483995314,0.9166901723174639,0.8900942648476127,0.91503722067336,0.013761283092923474,15,-4.276067790735433,-4.76977497970908,-4.734367158907997,-4.697012253442137,-5.774356154565782,-4.850315667472086,0.4953875738251259,15
17,1.2941094398498536,0.02530345987116419,0.008890390396118164,0.00020188735680539235,0.01,0.01,9,500,"{'gamma': 0.01, 'learning_rate': 0.01, 'max_depth': 9, 'n_estimators': 500}",0.928020405716495,0.9133137140269295,0.922969767974008,0.915486817421876,0.8916503105234642,0.9142882031325545,0.012480412196037403,16,-4.362074656000099,-4.790756659049833,-4.7507289743926115,-4.730813237495616,-5.733333763675861,-4.873541458122805,0.45676004038067985,16
19,0.40180583000183107,0.11709725559661846,0.006090545654296875,0.0002046612413193669,0.01,0.1,3,200,"{'gamma': 0.01, 'learning_rate': 0.1, 'max_depth': 3, 'n_estimators': 200}",0.9382771158915848,0.9012219448762252,0.929672484217526,0.9097186004166167,0.8728596188431985,0.9103499528490303,0.022989262421427348,17,-4.03935015905575,-5.11398146067097,-4.539335583087375,-4.889593065263766,-6.210622664184321,-4.958576586452436,0.7235010747217009,17
55,0.37498927116394043,0.0942050563907816,0.006022977828979492,3.261071161999625e-05,0.1,0.1,3,200,"{'gamma': 0.1, 'learning_rate': 0.1, 'max_depth': 3, 'n_estimators': 200}",0.9386342929943868,0.9012219448762252,0.9304843288312828,0.9081734558065488,0.8728598561331589,0.9102747757283206,0.023233311242044096,18,-4.027645774939099,-5.11398146067097,-4.513059009041393,-4.931257660919681,-6.210616868546933,-4.959312154823615,0.7290565477263545,18
14,1.0196934700012208,0.00989286571059227,0.007314491271972656,0.0006151014776196304,0.01,0.01,6,500,"{'gamma': 0.01, 'learning_rate': 0.01, 'max_depth': 6, 'n_estimators': 500}",0.9280166666586716,0.9023331430672012,0.9228304876371553,0.9082139935471281,0.8842148312878727,0.9091218244396057,0.015570556629183718,19,-4.362187950870167,-5.085135381829988,-4.755021992101362,-4.9301690644109,-5.926794315765614,-5.011861740995606,0.5171435055015168,19
50,1.2277950286865233,0.07119709604396568,0.007310104370117187,0.0008936105363043104,0.1,0.01,6,500,"{'gamma': 0.1, 'learning_rate': 0.01, 'max_depth': 6, 'n_estimators': 500}",0.9270322836840604,0.9031828551706231,0.922187647057493,0.9060941596520363,0.8856678463676648,0.9088329583863756,0.014735061930570337,20,-4.391913460854391,-5.062966447563658,-4.774786155254141,-4.986776185293174,-5.889488544639177,-5.021186158720909,0.4926612958589437,20
64,0.3341835021972656,0.010583222669163627,0.005118846893310547,0.0005004773187817827,0.1,1,3,200,"{'gamma': 0.1, 'learning_rate': 1, 'max_depth': 3, 'n_estimators': 200}",0.9160479577704355,0.8942227311377637,0.9089800202387858,0.9158211338948367,0.876081965296739,0.9022307616677121,0.015290871272045458,21,-4.710901564321694,-5.292064010073921,-5.164140139647658,-4.721446911690409,-6.13141409374087,-5.2039933438949095,0.5187378007608091,21
65,0.8053006172180176,0.01971451239257692,0.00520176887512207,0.0007543556669113665,0.1,1,3,500,"{'gamma': 0.1, 'learning_rate': 1, 'max_depth': 3, 'n_estimators': 500}",0.9162004201684371,0.8963486850525707,0.9090341589425582,0.9151528087787628,0.8739292828329813,0.902133071155062,0.015773025626076142,22,-4.706621967797362,-5.238613066257585,-5.162604095364296,-4.740152457189322,-6.1844417162351055,-5.206486660568734,0.5341696690557693,22
63,0.18338236808776856,0.00816920939704441,0.005807018280029297,0.00039203852429029227,0.1,1,3,100,"{'gamma': 0.1, 'learning_rate': 1, 'max_depth': 3, 'n_estimators': 100}",0.918553335163263,0.8871565521758749,0.9131063535019149,0.9141639873789266,0.8728947921266415,0.9011750040693242,0.017940816922995904,23,-4.640075525155298,-5.465968032161675,-5.045726002028477,-4.76769365743375,-6.209763522895804,-5.225845347935001,0.5676664714525128,23
28,0.3203900337219238,0.0015034087094259415,0.006208229064941406,0.00023989603026943273,0.01,1,3,200,"{'gamma': 0.01, 'learning_rate': 1, 'max_depth': 3, 'n_estimators': 200}",0.9176031340958367,0.8866245055306075,0.9047064422535908,0.9142483155291543,0.8753239025737867,0.8997012599965952,0.016262858498070284,24,-4.667063860003011,-5.47883865137844,-5.283983133367246,-4.7653511116289495,-6.150139816998061,-5.269075314675141,0.5360323538794215,24
27,0.16557717323303223,0.0032496548258583173,0.006001138687133789,1.3460497279584208e-05,0.01,1,3,100,"{'gamma': 0.01, 'learning_rate': 1, 'max_depth': 3, 'n_estimators': 100}",0.914303228362584,0.8823303368122131,0.9120083490573281,0.9141639873789266,0.8728947921266415,0.8991401387475386,0.017847206007135352,25,-4.759601883625301,-5.58163160364499,-5.077505295832664,-4.76769365743375,-6.209763522895804,-5.279239192686502,0.5531211498509134,25
29,0.7936041831970215,0.0067782889564658175,0.005994415283203125,0.0006338797704324542,0.01,1,3,500,"{'gamma': 0.01, 'learning_rate': 1, 'max_depth': 3, 'n_estimators': 500}",0.9156680406059466,0.8845188913052954,0.9033204060389296,0.9143729298108122,0.8724905122465265,0.898074156001502,0.016976371646394296,26,-4.721548905626464,-5.529481204666406,-5.322271938555622,-4.761887350509831,-6.21963129073997,-5.310964138019658,0.5518059811130962,26
18,0.16659307479858398,0.001034345937617745,0.005100631713867187,0.0008001746739577414,0.01,0.1,3,100,"{'gamma': 0.01, 'learning_rate': 0.1, 'max_depth': 3, 'n_estimators': 100}",0.9259262755112078,0.8882281140870291,0.9197930728394171,0.8929674329372913,0.8571017164466883,0.8968033223643268,0.024662282068118862,27,-4.425073492167845,-5.439953697719303,-4.847698385729499,-5.323920306190351,-6.584258838469659,-5.324180944055331,0.7261720921163274,27
54,0.16799592971801758,0.003905151836693991,0.0055080890655517575,0.00044319831225994604,0.1,0.1,3,100,"{'gamma': 0.1, 'learning_rate': 0.1, 'max_depth': 3, 'n_estimators': 100}",0.9259262755112078,0.8882281140870291,0.9197930728394171,0.8922815813404307,0.8571001618923307,0.8966658411340831,0.024685630685928543,28,-4.425073492167845,-5.439953697719303,-4.847698385729499,-5.340950582807267,-6.5842946526172375,-5.32759416220823,0.7262152157477825,28
11,0.8096110820770264,0.054283553030899045,0.006187152862548828,0.0003791890932596642,0.01,0.01,3,500,"{'gamma': 0.01, 'learning_rate': 0.01, 'max_depth': 3, 'n_estimators': 500}",0.9030674173827562,0.8622286094587845,0.8945578758085269,0.864862226758964,0.8333104630666031,0.8716053184951269,0.02496626309420755,29,-5.062013382348985,-6.039603591717108,-5.558232703053495,-5.982214130113453,-7.111276404647721,-5.950668042376153,0.6781783037668029,29
47,0.7987849712371826,0.03717789327815105,0.006199073791503906,0.00040546872514786274,0.1,0.01,3,500,"{'gamma': 0.1, 'learning_rate': 0.01, 'max_depth': 3, 'n_estimators': 500}",0.9030674173827562,0.8622286094587845,0.8945579319371232,0.864862226758964,0.8333103807063176,0.8716053132487891,0.02496629868040453,30,-5.062013382348985,-6.039603591717108,-5.558231223683445,-5.982214130113453,-7.111278161466696,-5.950668097865938,0.6781790762884254,30
66,0.20849366188049318,0.003369248811227233,0.005195236206054688,0.0003952519167917206,0.1,1,6,100,"{'gamma': 0.1, 'learning_rate': 1, 'max_depth': 6, 'n_estimators': 100}",0.826806004565671,0.8489300505378701,0.8281746965671208,0.8823848241297573,0.8461039027298808,0.84647989570606,0.02008706460709926,31,-6.766355514381236,-6.324379987944413,-7.095340008853206,-5.580913048947986,-6.832933475707423,-6.519984407166852,0.5309964246600335,31
67,0.41459169387817385,0.0159816002660524,0.005009508132934571,2.1539426403572063e-05,0.1,1,6,200,"{'gamma': 0.1, 'learning_rate': 1, 'max_depth': 6, 'n_estimators': 200}",0.8268059890171181,0.8489300451165867,0.8281746965671208,0.8823848281682328,0.8461038884825911,0.8464798894703298,0.02008706901765618,32,-6.766355818107223,-6.324380101422495,-7.095340008853206,-5.5809129531339,-6.832933791994783,-6.5199845347023215,0.5309965156552365,32
68,1.1130077362060546,0.17285226719716748,0.005889368057250976,0.0006592577725483142,0.1,1,6,500,"{'gamma': 0.1, 'learning_rate': 1, 'max_depth': 6, 'n_estimators': 500}",0.8268059718607491,0.8489300345543954,0.8281746965671208,0.8823848295413086,0.8461038698526295,0.8464798804752407,0.020087072681295802,33,-6.766356153240332,-6.32438032250984,-7.095340008853206,-5.580912920557252,-6.8329342055766755,-6.519984722147461,0.530996590738036,33
32,1.0293152332305908,0.09446591695361208,0.006098127365112305,0.00019719748121145534,0.01,1,6,500,"{'gamma': 0.01, 'learning_rate': 1, 'max_depth': 6, 'n_estimators': 500}",0.8276737614539589,0.855059648961222,0.8349923611687701,0.8730035370784249,0.8414606247221685,0.846437986676909,0.016049511844282893,34,-6.7493834344368535,-6.194746917201761,-6.953151254287081,-5.799217371815125,-6.935247437483858,-6.526349283044935,0.45558375770177745,34
31,0.40700488090515136,0.015808802719410295,0.005797243118286133,0.00040612779785676665,0.01,1,6,200,"{'gamma': 0.01, 'learning_rate': 1, 'max_depth': 6, 'n_estimators': 200}",0.8276737813782971,0.855059648961222,0.8349923190817863,0.8730035340647802,0.8414606247221685,0.8464379816416507,0.016049512190573538,35,-6.749383044255406,-6.194746917201761,-6.9531521410252575,-5.799217440623266,-6.935247437483858,-6.52634939611791,0.45558386367817616,35
30,0.20831117630004883,0.010334696783961103,0.005593204498291015,0.00048419611152084215,0.01,1,6,100,"{'gamma': 0.01, 'learning_rate': 1, 'max_depth': 6, 'n_estimators': 100}",0.8276737989215813,0.855059648850685,0.8349922986615588,0.8730035241514305,0.8414606177690059,0.8464379776708523,0.01604950813860536,36,-6.749382700702495,-6.194746919563937,-6.953152571262636,-5.799217666966846,-6.935247589565646,-6.526349489612312,0.4555838653568105,36
71,1.3416039943695068,0.03476405433006978,0.005615806579589844,0.0004989948010643941,0.1,1,9,500,"{'gamma': 0.1, 'learning_rate': 1, 'max_depth': 9, 'n_estimators': 500}",0.7824777494229704,0.8304827000459042,0.8402615556927507,0.8582680098829572,0.845170546721102,0.8313321123531369,0.02601634132013543,37,-7.5829857693003735,-6.699400279009645,-6.841232924953762,-6.1264305930329295,-6.8536224961383825,-6.820734412487019,0.4646092361713551,37
70,0.5260027408599853,0.0454948802178666,0.0059950828552246095,1.8375500074289608e-05,0.1,1,9,200,"{'gamma': 0.1, 'learning_rate': 1, 'max_depth': 9, 'n_estimators': 200}",0.7824777494229704,0.8304827025175099,0.8402615165585972,0.8582680367257749,0.845170546721102,0.8313321103891909,0.026016344175962568,38,-7.5829857693003735,-6.699400230170159,-6.841233762966943,-6.1264300128863205,-6.8536224961383825,-6.820734454292436,0.4646094195092339,38
69,0.28460073471069336,0.049107851871557376,0.005604267120361328,0.0004944216400246658,0.1,1,9,100,"{'gamma': 0.1, 'learning_rate': 1, 'max_depth': 9, 'n_estimators': 100}",0.7824777494229704,0.8304827036426197,0.8402614905558078,0.8582680522033467,0.845170546721102,0.8313321085091694,0.026016345588597885,39,-7.5829857693003735,-6.699400207937737,-6.841234319786907,-6.126429678373692,-6.8536224961383825,-6.820734494307419,0.46460952556208185,39
33,0.3147083282470703,0.06359269265026936,0.00530552864074707,0.0007568578472974989,0.01,1,9,100,"{'gamma': 0.01, 'learning_rate': 1, 'max_depth': 9, 'n_estimators': 100}",0.7840243786443376,0.8278921138245672,0.8387774769692675,0.8570467677497589,0.8395260618389683,0.8294533598053798,0.024560229915337576,40,-7.555979361794636,-6.750396752921336,-6.872939303725428,-6.152768356519488,-6.977432513398051,-6.861903257671787,0.44955899505837,40
34,0.6776697158813476,0.1460499316555273,0.0061004638671875,0.00101630123001147,0.01,1,9,200,"{'gamma': 0.01, 'learning_rate': 1, 'max_depth': 9, 'n_estimators': 200}",0.7840243786443376,0.8278921161223851,0.83877745769496,0.857046771160082,0.8395260618389683,0.8294533570921466,0.024560229188953918,41,-7.555979361794636,-6.750396707858957,-6.8729397145586635,-6.152768283128604,-6.977432513398051,-6.861903316147783,0.44955902246426704,41
35,1.304222536087036,0.12804375268666676,0.006182432174682617,0.0009731963353057175,0.01,1,9,500,"{'gamma': 0.01, 'learning_rate': 1, 'max_depth': 9, 'n_estimators': 500}",0.7840243786443376,0.8278921208404771,0.8387774171020479,0.8570467813910414,0.8395260618389683,0.8294533519633743,0.024560228345716216,42,-7.555979361794636,-6.750396615332709,-6.872940579799392,-6.1527680629561585,-6.977432513398051,-6.861903426656189,0.44955910076267597,42
52,0.49239325523376465,0.009827649068098274,0.006408500671386719,0.0004891691665627304,0.1,0.01,9,200,"{'gamma': 0.1, 'learning_rate': 0.01, 'max_depth': 9, 'n_estimators': 200}",0.7857552476097833,0.71797402228191,0.7741782902579224,0.751965103045364,0.7438241038075677,0.7547393534005093,0.02374188986040014,43,-7.5256409401902955,-8.641188332199748,-8.134156006053598,-8.104569836373521,-8.815816085136454,-8.244274239990723,0.45437386429332005,43
16,0.48859591484069825,0.012782620804943546,0.0063016414642333984,0.0005109979747626438,0.01,0.01,9,200,"{'gamma': 0.01, 'learning_rate': 0.01, 'max_depth': 9, 'n_estimators': 200}",0.7852183381084885,0.7175076556648707,0.7744472529180834,0.7523028683153352,0.743638685438496,0.7546229600890548,0.023801943955317463,44,-7.535064881174566,-8.648330045104936,-8.129310510766969,-8.099049696212168,-8.819005921868095,-8.246152211025349,0.454058301919302,44
13,0.4134040355682373,0.009040409837773147,0.006109476089477539,0.00019601951443536518,0.01,0.01,6,200,"{'gamma': 0.01, 'learning_rate': 0.01, 'max_depth': 6, 'n_estimators': 200}",0.784493753284894,0.7166474440526649,0.7745718762675995,0.7454312742086027,0.7361077051830078,0.7514504105993536,0.024937280378241295,45,-7.547764281549619,-8.661487462111364,-8.127064380099709,-8.210622772879633,-8.947603777202628,-8.29890853476859,0.48037724227936807,45
49,0.43691205978393555,0.023368386810500248,0.013195991516113281,0.009879993311650216,0.1,0.01,6,200,"{'gamma': 0.1, 'learning_rate': 0.01, 'max_depth': 6, 'n_estimators': 200}",0.7851776461925721,0.7165920647425982,0.7733805086743524,0.7454710159042431,0.7357636019326381,0.7512769674892807,0.024960923912037417,46,-7.535778633229997,-8.662333834863455,-8.148511487300636,-8.209981852031282,-8.953435505850424,-8.302008262655159,0.484423355438152,46
10,0.33590054512023926,0.03347996480568708,0.005501079559326172,0.000454077817559794,0.01,0.01,3,200,"{'gamma': 0.01, 'learning_rate': 0.01, 'max_depth': 3, 'n_estimators': 200}",0.7223940013972525,0.6337255933347399,0.7141412525509453,0.6755843748109049,0.6492836700905025,0.6790257784368692,0.034820805054130675,47,-8.566488182241228,-9.847640835501325,-9.151776282647404,-9.268820182075746,-10.315051085915714,-9.429955313676283,0.6011288234957867,47
46,0.3242044448852539,0.006283124972881483,0.005601263046264649,0.0004913042458784786,0.1,0.01,3,200,"{'gamma': 0.1, 'learning_rate': 0.01, 'max_depth': 3, 'n_estimators': 200}",0.7223940013972525,0.6337255933347399,0.7141412525509453,0.6755843748109049,0.6492836700905025,0.6790257784368692,0.034820805054130675,47,-8.566488182241228,-9.847640835501325,-9.151776282647404,-9.268820182075746,-10.315051085915714,-9.429955313676283,0.6011288234957867,47
15,0.2417912483215332,0.021322822531132952,0.005601406097412109,0.00048013164169026897,0.01,0.01,9,100,"{'gamma': 0.01, 'learning_rate': 0.01, 'max_depth': 9, 'n_estimators': 100}",0.08980430358852487,-0.060632272441984325,0.11562710793997255,0.022422014495544595,0.045588354883919324,0.0425619016931954,0.06104781888227531,49,-15.511571028003807,-16.757581203424866,-16.09708965621138,-16.089749458799258,-17.0161479955291,-16.294427868393683,0.5346197541336271,49
51,0.23980813026428222,0.00601760068349302,0.012480735778808594,0.013497042868017232,0.1,0.01,9,100,"{'gamma': 0.1, 'learning_rate': 0.01, 'max_depth': 9, 'n_estimators': 100}",0.08982319767916647,-0.060626834177552436,0.11548465875794867,0.022438248469302535,0.04557407589443363,0.04253866932465977,0.06101361441609718,50,-15.511410030456187,-16.757538242128568,-16.098386012616206,-16.08961586247305,-17.016275284676702,-16.294645086470144,0.5346086374631621,50
48,0.23540196418762208,0.048413675856778554,0.005203723907470703,0.0007428452323155923,0.1,0.01,6,100,"{'gamma': 0.1, 'learning_rate': 0.01, 'max_depth': 6, 'n_estimators': 100}",0.0878315731509719,-0.06601424592472083,0.11593459802162709,0.02158891335780433,0.048840523411656234,0.04163627240346775,0.0627641281855118,51,-15.528371583042716,-16.800043957902634,-16.094290991883586,-16.096603916529784,-16.987131897422593,-16.301288469356262,0.5293925727041059,51
12,0.2074120044708252,0.0010832939004988239,0.005594682693481445,0.0005818948074260043,0.01,0.01,6,100,"{'gamma': 0.01, 'learning_rate': 0.01, 'max_depth': 6, 'n_estimators': 100}",0.08759235891465156,-0.06601294770806021,0.1159346783635975,0.021612331893090087,0.048840523411656234,0.04159338897498703,0.06272705929257291,52,-15.530407590832038,-16.800033728159605,-16.09429026057622,-16.096411277082204,-16.987131897422593,-16.30165495081453,0.5288114258757692,52
9,0.16830787658691407,0.0016328850704222595,0.00579676628112793,0.0005052736631577894,0.01,0.01,3,100,"{'gamma': 0.01, 'learning_rate': 0.01, 'max_depth': 3, 'n_estimators': 100}",0.019624851255018005,-0.14336048306330063,0.05187599915525343,-0.046898877691730734,-0.02992983254910464,-0.029737668578772913,0.06678643143923324,53,-16.09846782457735,-17.398848351604588,-16.667183702835416,-16.65044872762397,-17.676537880032523,-16.89829729733477,0.567587765028436,53
45,0.18719959259033203,0.025001272444201552,0.005795860290527343,0.0004050164719098774,0.1,0.01,3,100,"{'gamma': 0.1, 'learning_rate': 0.01, 'max_depth': 3, 'n_estimators': 100}",0.019624851255018005,-0.14336048306330063,0.05187599915525343,-0.046898877691730734,-0.02992983254910464,-0.029737668578772913,0.06678643143923324,53,-16.09846782457735,-17.398848351604588,-16.667183702835416,-16.65044872762397,-17.676537880032523,-16.89829729733477,0.567587765028436,53
5,1.3669147968292237,0.18343080938618628,0.008503532409667969,0.0011060899320832495,0.01,0.001,6,500,"{'gamma': 0.01, 'learning_rate': 0.001, 'max_depth': 6, 'n_estimators': 500}",-1.2342112979213593,-1.4616974550975064,-1.1193143133824477,-1.2967407590032116,-1.2062900749337229,-1.2636507800676493,0.11428681587480603,55,-24.302475768279336,-25.52973178594598,-24.91881222952514,-24.662072146131905,-25.871683813705356,-25.056955148717545,0.57123650682048,55
41,1.1621900081634522,0.12558957932501108,0.007613182067871094,0.0014172180412275613,0.1,0.001,6,500,"{'gamma': 0.1, 'learning_rate': 0.001, 'max_depth': 6, 'n_estimators': 500}",-1.2341415546773415,-1.4617015877434532,-1.1193459938550823,-1.2968453704060456,-1.2062876764840822,-1.263664436633201,0.11429015152321131,56,-24.302096451710934,-25.52975321532555,-24.918998477688927,-24.662633790840175,-25.87166975119646,-25.05703033735241,0.5712496644760606,56
44,1.116101121902466,0.05267016291676862,0.007098627090454101,0.0011096066694796813,0.1,0.001,9,500,"{'gamma': 0.1, 'learning_rate': 0.001, 'max_depth': 9, 'n_estimators': 500}",-1.2332159063292942,-1.458789408632458,-1.1193938591180852,-1.2994819334453362,-1.208807924075352,-1.263937806320105,0.11323128863074196,57,-24.297061514260413,-25.51464796952887,-24.919279872912945,-24.67678492606951,-25.886442168299187,-25.05884329021418,0.5724396603887094,57
8,1.1194066524505615,0.006271605273021968,0.007192182540893555,0.0007332550341694206,0.01,0.001,9,500,"{'gamma': 0.01, 'learning_rate': 0.001, 'max_depth': 9, 'n_estimators': 500}",-1.2332589560714813,-1.4588232555887255,-1.1194479074691626,-1.2995093693789879,-1.2088527672160785,-1.263978451144887,0.11322415857996068,58,-24.297295700572256,-25.51482358241361,-24.91959761409039,-24.67693213936235,-25.886704939784355,-25.05907079524459,0.572446136446775,58
2,0.8634042263031005,0.10964540596519141,0.006423854827880859,0.0016463805015552986,0.01,0.001,3,500,"{'gamma': 0.01, 'learning_rate': 0.001, 'max_depth': 3, 'n_estimators': 500}",-1.2775162712550965,-1.4982007964614228,-1.1514201909080337,-1.335671760225364,-1.2665885249888569,-1.3058795087677548,0.11320864937739294,59,-24.536868824732437,-25.718319368122962,-25.10685254881752,-24.87021158106182,-26.222840426615985,-25.29101854987015,0.6050810570705899,59
38,0.8281021118164062,0.05025862204847364,0.005997276306152344,1.5360226823208835e-05,0.1,0.001,3,500,"{'gamma': 0.1, 'learning_rate': 0.001, 'max_depth': 3, 'n_estimators': 500}",-1.2775162712550965,-1.4982007964614228,-1.1514201909080337,-1.335671760225364,-1.2665885249888569,-1.3058795087677548,0.11320864937739294,59,-24.536868824732437,-25.718319368122962,-25.10685254881752,-24.87021158106182,-26.222840426615985,-25.29101854987015,0.6050810570705899,59
43,0.44339661598205565,0.013699795673113436,0.0059950828552246095,1.8664627054768427e-05,0.1,0.001,9,200,"{'gamma': 0.1, 'learning_rate': 0.001, 'max_depth': 9, 'n_estimators': 200}",-2.868175321700567,-3.1871160976069985,-2.6398032433870964,-2.938944825679472,-2.7713335542914037,-2.8810746085331074,0.18299274154644524,61,-31.977276479178887,-33.29556701824384,-32.65642246749908,-32.29709967539469,-33.82523806259951,-32.8103207405832,0.6703080489122034,61
7,0.47320895195007323,0.04120604720709522,0.006008005142211914,2.4878199030014296e-05,0.01,0.001,9,200,"{'gamma': 0.01, 'learning_rate': 0.001, 'max_depth': 9, 'n_estimators': 200}",-2.8681689029392863,-3.1871130430731727,-2.6398064934359606,-2.9389471252951167,-2.771369149929997,-2.8810809429347066,0.18298682994041016,62,-31.977249947988827,-33.295554873553804,-32.65643704726314,-32.297109103161276,-33.8253976915598,-32.810349732705376,0.6703591123166598,62
40,0.4024030685424805,0.00739532325223553,0.006196165084838867,0.0003932322732391474,0.1,0.001,6,200,"{'gamma': 0.1, 'learning_rate': 0.001, 'max_depth': 6, 'n_estimators': 200}",-2.869690707313357,-3.1894748718575867,-2.6408978546552064,-2.9388753959678087,-2.769640151390849,-2.8817157962369615,0.18367455043484845,63,-31.98353953031786,-33.30494407714134,-32.66133254072423,-32.296815032133786,-33.81764311152973,-32.81285485836939,0.6676482998207448,63
4,0.42938671112060545,0.053216225816651856,0.005788421630859375,0.0009780317505297328,0.01,0.001,6,200,"{'gamma': 0.01, 'learning_rate': 0.001, 'max_depth': 6, 'n_estimators': 200}",-2.8698593673302963,-3.1894745981131214,-2.6408645427043633,-2.9388802337611333,-2.76964442478928,-2.881744633339639,0.18368077875739677,64,-31.98423652213843,-33.3049429890522,-32.661183124943264,-32.2968348658747,-33.817662279967074,-32.81297195639513,0.6674845179942106,64
1,0.3076735019683838,0.023196177061658614,0.005582427978515625,0.0004859859798862503,0.01,0.001,3,200,"{'gamma': 0.01, 'learning_rate': 0.001, 'max_depth': 3, 'n_estimators': 200}",-2.903103038635945,-3.1979134614475475,-2.651636225856554,-2.960998960024086,-2.7962032756281197,-2.90197099231845,0.18161598648134886,65,-32.121321570028684,-33.33846920639145,-32.70946232893036,-32.38738912708207,-33.93658355115703,-32.89864515671792,0.6591154881982649,65
37,0.3249088764190674,0.00683557956939409,0.005800056457519531,0.0004082467833973584,0.1,0.001,3,200,"{'gamma': 0.1, 'learning_rate': 0.001, 'max_depth': 3, 'n_estimators': 200}",-2.903103038635945,-3.1979134614475475,-2.651636225856554,-2.960998960024086,-2.7962032756281197,-2.90197099231845,0.18161598648134886,65,-32.121321570028684,-33.33846920639145,-32.70946232893036,-32.38738912708207,-33.93658355115703,-32.89864515671792,0.6591154881982649,65
42,0.2229156970977783,0.00685105586724448,0.005297470092773438,0.0003888275154542003,0.1,0.001,9,100,"{'gamma': 0.1, 'learning_rate': 0.001, 'max_depth': 9, 'n_estimators': 100}",-3.659141056859781,-4.0222911437261155,-3.371351363863389,-3.7411949334054686,-3.5221288976922507,-3.6632214791094007,0.21914507257669816,67,-35.094683208003815,-36.46530550828989,-35.78800669441769,-35.43377971220218,-37.03947803275605,-35.96425063113393,0.7036730461729382,67
6,0.2193821907043457,0.005558469160266596,0.005804634094238282,0.0005071508429915931,0.01,0.001,9,100,"{'gamma': 0.01, 'learning_rate': 0.001, 'max_depth': 9, 'n_estimators': 100}",-3.6591402823327615,-4.0222906164911265,-3.3713531084540964,-3.741197876673132,-3.5221330137500493,-3.663222979540233,0.21914411742019724,68,-35.094680290965975,-36.465303594244595,-35.78801383584976,-35.433790710598494,-37.0394948894845,-35.964256664228664,0.703676630076936,68
3,0.26900453567504884,0.04254598018892578,0.006584930419921875,0.0008243946515891057,0.01,0.001,6,100,"{'gamma': 0.01, 'learning_rate': 0.001, 'max_depth': 6, 'n_estimators': 100}",-3.6609707069681114,-4.023613847164969,-3.371900573504294,-3.7411561258462642,-3.5222096822581186,-3.663970187148352,0.2194132758814293,69,-35.10157339306739,-36.470107062830145,-35.790254797961495,-35.43363469587853,-37.03980887303695,-35.967075764554906,0.7026686547877525,69
39,0.20778846740722656,0.0029280167936001768,0.005812788009643554,0.00039806926309345796,0.1,0.001,6,100,"{'gamma': 0.1, 'learning_rate': 0.001, 'max_depth': 6, 'n_estimators': 100}",-3.6609714814951317,-4.023614378311768,-3.37193482598647,-3.741156132229099,-3.5222096717768006,-3.663977297959854,0.2194043309626002,70,-35.10157630953239,-36.470108990822695,-35.79039500044812,-35.43363471972999,-37.03980883011257,-35.967104770129154,0.7026611416347194,70
36,0.18469276428222656,0.03142728597907235,0.005708551406860352,0.00040358516792983224,0.1,0.001,3,100,"{'gamma': 0.1, 'learning_rate': 0.001, 'max_depth': 3, 'n_estimators': 100}",-3.685112031349054,-4.021749316566402,-3.3744401921080733,-3.748293364597166,-3.534553064718221,-3.672829593867783,0.2171392389447042,71,-35.192359635678606,-36.46333843536765,-35.80064849279703,-35.46029519792921,-37.09032455061042,-36.00139326247658,0.690910367607068,71
0,0.14556403160095216,0.013543471386331121,0.004189300537109375,0.00039873131722588704,0.01,0.001,3,100,"{'gamma': 0.01, 'learning_rate': 0.001, 'max_depth': 3, 'n_estimators': 100}",-3.685112031349054,-4.021749316566402,-3.3744401921080733,-3.748293364597166,-3.534553064718221,-3.672829593867783,0.2171392389447042,71,-35.192359635678606,-36.46333843536765,-35.80064849279703,-35.46029519792921,-37.09032455061042,-36.00139326247658,0.690910367607068,71
